Date,Equity
11/14/2007,$562.50 
11/15/2007,"$5,062.50 "
11/16/2007,"$6,637.50 "
11/21/2007,"$2,187.50 "
11/26/2007,"$5,012.50 "
11/27/2007,"$6,537.50 "
11/28/2007,"$10,287.50 "
11/29/2007,"$14,587.50 "
11/30/2007,"$12,562.50 "
12/3/2007,"$11,662.50 "
12/4/2007,"$12,187.50 "
12/7/2007,"$16,737.50 "
12/10/2007,"$16,262.50 "
12/11/2007,"$16,512.50 "
12/12/2007,"$18,337.50 "
12/13/2007,"$17,337.50 "
12/19/2007,"$16,487.50 "
12/20/2007,"$15,687.50 "
12/24/2007,"$19,437.50 "
12/26/2007,"$22,412.50 "
12/28/2007,"$23,187.50 "
12/31/2007,"$22,387.50 "
1/2/2008,"$18,687.50 "
1/4/2008,"$14,562.50 "
1/7/2008,"$15,312.50 "
1/8/2008,"$9,612.50 "
1/9/2008,"$8,712.50 "
1/11/2008,"$7,612.50 "
1/14/2008,"$8,062.50 "
1/15/2008,"$5,512.50 "
1/16/2008,"$7,237.50 "
1/17/2008,"$4,437.50 "
1/18/2008,"$7,050.00 "
1/22/2008,"$9,250.00 "
1/23/2008,"$10,750.00 "
1/25/2008,"$18,387.50 "
1/28/2008,"$18,187.50 "
1/29/2008,"$20,937.50 "
1/30/2008,"$19,262.50 "
2/4/2008,"$23,862.50 "
2/5/2008,"$25,362.50 "
2/6/2008,"$27,750.00 "
2/8/2008,"$25,200.00 "
2/11/2008,"$25,425.00 "
2/14/2008,"$30,825.00 "
2/15/2008,"$32,650.00 "
2/20/2008,"$28,250.00 "
2/21/2008,"$25,350.00 "
2/22/2008,"$26,325.00 "
2/27/2008,"$29,425.00 "
2/28/2008,"$30,600.00 "
3/4/2008,"$27,650.00 "
3/6/2008,"$23,600.00 "
3/7/2008,"$24,675.00 "
3/10/2008,"$22,425.00 "
3/11/2008,"$21,025.00 "
3/12/2008,"$25,025.00 "
3/13/2008,"$26,525.00 "
3/14/2008,"$26,737.50 "
3/19/2008,"$30,487.50 "
3/20/2008,"$34,637.50 "
3/24/2008,"$38,387.50 "
3/25/2008,"$41,312.50 "
3/26/2008,"$41,462.50 "
3/31/2008,"$41,737.50 "
4/1/2008,"$45,487.50 "
4/2/2008,"$49,812.50 "
4/3/2008,"$49,962.50 "
4/4/2008,"$49,062.50 "
4/7/2008,"$48,162.50 "
4/9/2008,"$48,512.50 "
4/11/2008,"$44,662.50 "
4/14/2008,"$45,912.50 "
4/17/2008,"$52,062.50 "
4/18/2008,"$49,387.50 "
4/21/2008,"$48,637.50 "
4/29/2008,"$51,087.50 "
5/2/2008,"$52,287.50 "
5/6/2008,"$52,512.50 "
5/7/2008,"$50,962.50 "
5/8/2008,"$52,387.50 "
5/9/2008,"$50,287.50 "
5/12/2008,"$50,137.50 "
5/13/2008,"$51,537.50 "
5/14/2008,"$49,987.50 "
5/15/2008,"$49,287.50 "
5/16/2008,"$47,862.50 "
5/19/2008,"$45,512.50 "
5/20/2008,"$46,712.50 "
5/21/2008,"$44,412.50 "
5/22/2008,"$44,862.50 "
5/23/2008,"$42,262.50 "
5/27/2008,"$42,437.50 "
5/28/2008,"$42,987.50 "
6/3/2008,"$43,737.50 "
6/4/2008,"$40,087.50 "
6/6/2008,"$41,287.50 "
6/9/2008,"$43,012.50 "
6/16/2008,"$43,862.50 "
6/18/2008,"$45,612.50 "
6/20/2008,"$42,012.50 "
6/23/2008,"$42,737.50 "
6/24/2008,"$40,187.50 "
6/26/2008,"$36,062.50 "
6/27/2008,"$37,187.50 "
7/1/2008,"$34,087.50 "
7/2/2008,"$31,687.50 "
7/3/2008,"$33,012.50 "
7/7/2008,"$31,912.50 "
7/8/2008,"$31,287.50 "
7/9/2008,"$28,937.50 "
7/10/2008,"$28,862.50 "
7/11/2008,"$27,837.50 "
7/16/2008,"$26,987.50 "
7/17/2008,"$30,737.50 "
7/18/2008,"$34,287.50 "
7/21/2008,"$33,112.50 "
7/22/2008,"$31,362.50 "
7/25/2008,"$32,087.50 "
7/28/2008,"$30,937.50 "
7/29/2008,"$31,462.50 "
7/30/2008,"$35,362.50 "
8/1/2008,"$37,237.50 "
8/6/2008,"$39,637.50 "
8/11/2008,"$41,537.50 "
8/13/2008,"$42,987.50 "
8/15/2008,"$43,437.50 "
8/19/2008,"$44,937.50 "
8/21/2008,"$46,300.00 "
8/26/2008,"$46,750.00 "
8/29/2008,"$51,900.00 "
9/2/2008,"$51,050.00 "
9/3/2008,"$47,000.00 "
9/9/2008,"$46,025.00 "
9/10/2008,"$47,475.00 "
9/11/2008,"$43,875.00 "
9/15/2008,"$35,275.00 "
9/16/2008,"$37,875.00 "
9/17/2008,"$35,550.00 "
9/18/2008,"$37,575.00 "
9/22/2008,"$48,500.00 "
9/23/2008,"$49,850.00 "
9/26/2008,"$51,250.00 "
10/1/2008,"$51,625.00 "
10/3/2008,"$51,775.00 "
10/6/2008,"$46,625.00 "
10/9/2008,"$35,825.00 "
10/10/2008,"$40,837.50 "
10/13/2008,"$44,587.50 "
10/14/2008,"$51,262.50 "
10/15/2008,"$52,762.50 "
10/16/2008,"$55,487.50 "
10/17/2008,"$59,237.50 "
10/22/2008,"$62,775.00 "
10/23/2008,"$66,700.00 "
10/28/2008,"$67,650.00 "
10/29/2008,"$71,875.00 "
11/4/2008,"$70,500.00 "
11/5/2008,"$67,700.00 "
11/6/2008,"$71,575.00 "
11/10/2008,"$71,875.00 "
11/11/2008,"$73,375.00 "
11/13/2008,"$78,100.00 "
11/14/2008,"$82,125.00 "
11/18/2008,"$71,275.00 "
11/21/2008,"$73,175.00 "
11/25/2008,"$84,075.00 "
11/26/2008,"$80,975.00 "
12/1/2008,"$82,475.00 "
12/2/2008,"$85,762.50 "
12/3/2008,"$82,362.50 "
12/4/2008,"$81,937.50 "
12/5/2008,"$83,462.50 "
12/9/2008,"$83,062.50 "
12/10/2008,"$84,187.50 "
12/11/2008,"$82,537.50 "
12/12/2008,"$85,462.50 "
12/16/2008,"$84,437.50 "
12/17/2008,"$89,387.50 "
12/19/2008,"$89,987.50 "
12/22/2008,"$85,987.50 "
12/23/2008,"$86,137.50 "
12/26/2008,"$86,687.50 "
12/30/2008,"$85,487.50 "
1/2/2009,"$89,637.50 "
1/5/2009,"$89,712.50 "
1/7/2009,"$87,487.50 "
1/8/2009,"$89,712.50 "
1/9/2009,"$89,162.50 "
1/14/2009,"$84,212.50 "
1/15/2009,"$85,562.50 "
1/16/2009,"$83,662.50 "
1/21/2009,"$84,787.50 "
1/22/2009,"$86,937.50 "
1/26/2009,"$84,037.50 "
1/30/2009,"$85,762.50 "
2/4/2009,"$87,062.50 "
2/5/2009,"$85,387.50 "
2/9/2009,"$90,037.50 "
2/10/2009,"$91,537.50 "
2/11/2009,"$93,225.00 "
2/12/2009,"$89,275.00 "
2/17/2009,"$81,100.00 "
2/18/2009,"$81,850.00 "
2/20/2009,"$76,650.00 "
2/24/2009,"$77,175.00 "
2/25/2009,"$79,625.00 "
2/26/2009,"$73,450.00 "
3/2/2009,"$74,950.00 "
3/3/2009,"$76,750.00 "
3/5/2009,"$75,200.00 "
3/6/2009,"$75,400.00 "
3/9/2009,"$73,500.00 "
3/10/2009,"$71,125.00 "
3/12/2009,"$69,475.00 "
3/13/2009,"$74,075.00 "
3/16/2009,"$69,800.00 "
3/17/2009,"$68,600.00 "
3/18/2009,"$67,500.00 "
3/23/2009,"$66,825.00 "
3/24/2009,"$70,275.00 "
3/25/2009,"$69,650.00 "
3/30/2009,"$66,950.00 "
4/1/2009,"$66,637.50 "
4/3/2009,"$65,462.50 "
4/13/2009,"$70,162.50 "
4/17/2009,"$73,612.50 "
4/21/2009,"$75,137.50 "
4/22/2009,"$75,637.50 "
4/23/2009,"$74,087.50 "
4/27/2009,"$74,437.50 "
4/28/2009,"$74,787.50 "
4/30/2009,"$78,337.50 "
5/1/2009,"$78,237.50 "
5/5/2009,"$80,087.50 "
5/7/2009,"$79,587.50 "
5/8/2009,"$78,862.50 "
5/11/2009,"$77,862.50 "
5/12/2009,"$78,337.50 "
5/15/2009,"$76,987.50 "
5/18/2009,"$76,037.50 "
5/21/2009,"$77,387.50 "
5/26/2009,"$76,687.50 "
5/28/2009,"$77,762.50 "
6/1/2009,"$81,512.50 "
6/2/2009,"$85,412.50 "
6/3/2009,"$86,637.50 "
6/5/2009,"$86,637.50 "
6/8/2009,"$86,562.50 "
6/10/2009,"$84,912.50 "
6/11/2009,"$83,462.50 "
6/12/2009,"$81,462.50 "
6/16/2009,"$79,437.50 "
6/17/2009,"$79,512.50 "
6/22/2009,"$77,512.50 "
6/23/2009,"$78,187.50 "
6/25/2009,"$79,987.50 "
6/26/2009,"$79,712.50 "
6/30/2009,"$78,012.50 "
7/2/2009,"$72,537.50 "
7/6/2009,"$73,387.50 "
7/10/2009,"$71,887.50 "
7/13/2009,"$71,637.50 "
7/14/2009,"$74,087.50 "
7/16/2009,"$73,462.50 "
7/21/2009,"$74,962.50 "
7/24/2009,"$75,812.50 "
7/31/2009,"$73,412.50 "
8/5/2009,"$73,212.50 "
8/10/2009,"$72,012.50 "
8/11/2009,"$72,987.50 "
8/13/2009,"$71,787.50 "
8/14/2009,"$71,662.50 "
8/19/2009,"$71,462.50 "
8/25/2009,"$70,612.50 "
8/31/2009,"$70,187.50 "
9/2/2009,"$70,837.50 "
9/4/2009,"$71,537.50 "
9/10/2009,"$70,887.50 "
9/11/2009,"$71,737.50 "
9/14/2009,"$71,912.50 "
9/17/2009,"$76,662.50 "
9/18/2009,"$76,812.50 "
9/23/2009,"$76,712.50 "
9/25/2009,"$78,262.50 "
9/29/2009,"$79,762.50 "
9/30/2009,"$79,837.50 "
10/6/2009,"$82,787.50 "
10/7/2009,"$82,587.50 "
10/9/2009,"$82,337.50 "
10/12/2009,"$81,112.50 "
10/13/2009,"$81,037.50 "
10/15/2009,"$81,937.50 "
10/20/2009,"$80,987.50 "
10/21/2009,"$80,612.50 "
10/22/2009,"$76,037.50 "
10/23/2009,"$75,637.50 "
10/26/2009,"$75,162.50 "
10/27/2009,"$72,737.50 "
10/29/2009,"$73,812.50 "
10/30/2009,"$74,262.50 "
11/2/2009,"$74,812.50 "
11/3/2009,"$72,762.50 "
11/4/2009,"$72,987.50 "
11/9/2009,"$71,487.50 "
11/10/2009,"$73,087.50 "
11/11/2009,"$72,012.50 "
11/12/2009,"$72,012.50 "
11/13/2009,"$73,262.50 "
11/17/2009,"$75,212.50 "
11/18/2009,"$74,912.50 "
11/24/2009,"$72,562.50 "
11/25/2009,"$72,212.50 "
11/27/2009,"$68,262.50 "
11/30/2009,"$67,862.50 "
12/2/2009,"$68,412.50 "
12/4/2009,"$67,737.50 "
12/7/2009,"$66,537.50 "
12/9/2009,"$68,212.50 "
12/15/2009,"$69,312.50 "
12/16/2009,"$68,987.50 "
12/17/2009,"$65,787.50 "
12/18/2009,"$65,537.50 "
12/28/2009,"$70,937.50 "
12/29/2009,"$70,612.50 "
1/4/2010,"$69,212.50 "
1/6/2010,"$68,662.50 "
1/11/2010,"$68,762.50 "
1/13/2010,"$69,337.50 "
1/15/2010,"$69,037.50 "
1/20/2010,"$68,687.50 "
1/21/2010,"$68,137.50 "
1/25/2010,"$68,012.50 "
1/26/2010,"$66,462.50 "
1/27/2010,"$65,962.50 "
1/29/2010,"$62,562.50 "
2/4/2010,"$64,062.50 "
2/5/2010,"$65,987.50 "
2/10/2010,"$66,037.50 "
2/12/2010,"$63,562.50 "
2/17/2010,"$64,962.50 "
2/18/2010,"$64,587.50 "
2/19/2010,"$63,487.50 "
2/25/2010,"$59,637.50 "
3/3/2010,"$62,812.50 "
3/4/2010,"$62,737.50 "
3/8/2010,"$63,537.50 "
3/9/2010,"$62,987.50 "
3/11/2010,"$61,987.50 "
3/18/2010,"$63,237.50 "
3/19/2010,"$63,862.50 "
3/24/2010,"$64,712.50 "
3/25/2010,"$64,362.50 "
3/29/2010,"$61,062.50 "
3/30/2010,"$60,512.50 "
3/31/2010,"$60,312.50 "
4/5/2010,"$61,162.50 "
4/6/2010,"$60,587.50 "
4/8/2010,"$60,962.50 "
4/13/2010,"$62,112.50 "
4/15/2010,"$62,887.50 "
4/19/2010,"$64,487.50 "
4/21/2010,"$66,337.50 "
4/22/2010,"$66,212.50 "
4/26/2010,"$66,962.50 "
4/27/2010,"$68,462.50 "
4/28/2010,"$69,675.00 "
4/30/2010,"$72,375.00 "
5/3/2010,"$73,050.00 "
5/4/2010,"$70,650.00 "
5/5/2010,"$72,400.00 "
5/10/2010,"$77,000.00 "
5/11/2010,"$81,350.00 "
5/14/2010,"$82,850.00 "
5/18/2010,"$80,050.00 "
5/20/2010,"$81,575.00 "
5/21/2010,"$83,925.00 "
5/24/2010,"$83,425.00 "
5/25/2010,"$81,325.00 "
5/26/2010,"$77,775.00 "
6/1/2010,"$79,225.00 "
6/3/2010,"$82,775.00 "
6/4/2010,"$78,350.00 "
6/7/2010,"$75,850.00 "
6/8/2010,"$75,850.00 "
6/11/2010,"$74,225.00 "
6/16/2010,"$75,975.00 "
6/21/2010,"$74,475.00 "
6/22/2010,"$74,400.00 "
6/23/2010,"$76,050.00 "
6/28/2010,"$76,050.00 "
6/30/2010,"$77,050.00 "
7/1/2010,"$72,625.00 "
7/2/2010,"$71,625.00 "
7/6/2010,"$68,675.00 "
7/8/2010,"$67,700.00 "
7/9/2010,"$67,075.00 "
7/12/2010,"$68,025.00 "
7/13/2010,"$66,950.00 "
7/14/2010,"$66,200.00 "
7/15/2010,"$66,675.00 "
7/20/2010,"$65,525.00 "
7/22/2010,"$63,200.00 "
7/23/2010,"$62,250.00 "
7/28/2010,"$62,700.00 "
7/30/2010,"$62,000.00 "
8/3/2010,"$65,800.00 "
8/4/2010,"$65,625.00 "
8/5/2010,"$65,075.00 "
8/6/2010,"$65,850.00 "
8/10/2010,"$63,600.00 "
8/18/2010,"$63,700.00 "
8/19/2010,"$60,050.00 "
8/24/2010,"$55,750.00 "
8/25/2010,"$56,350.00 "
8/26/2010,"$55,450.00 "
8/31/2010,"$56,675.00 "
9/2/2010,"$63,275.00 "
9/3/2010,"$61,150.00 "
9/7/2010,"$60,925.00 "
9/14/2010,"$64,475.00 "
9/15/2010,"$64,050.00 "
9/21/2010,"$67,100.00 "
9/27/2010,"$66,375.00 "
9/28/2010,"$66,400.00 "
9/29/2010,"$65,550.00 "
9/30/2010,"$64,750.00 "
10/4/2010,"$65,200.00 "
10/5/2010,"$64,475.00 "
10/6/2010,"$65,775.00 "
10/7/2010,"$65,500.00 "
10/11/2010,"$65,950.00 "
10/12/2010,"$65,025.00 "
10/14/2010,"$64,425.00 "
10/15/2010,"$64,225.00 "
10/19/2010,"$62,125.00 "
10/20/2010,"$62,425.00 "
10/21/2010,"$63,325.00 "
10/22/2010,"$62,325.00 "
10/26/2010,"$59,675.00 "
10/27/2010,"$59,850.00 "
11/1/2010,"$59,550.00 "
11/3/2010,"$59,050.00 "
11/5/2010,"$60,450.00 "
11/8/2010,"$60,300.00 "
11/11/2010,"$58,400.00 "
11/16/2010,"$55,225.00 "
11/19/2010,"$57,675.00 "
11/22/2010,"$57,650.00 "
11/26/2010,"$57,050.00 "
11/29/2010,"$58,075.00 "
12/2/2010,"$60,125.00 "
12/3/2010,"$59,775.00 "
12/8/2010,"$58,325.00 "
12/9/2010,"$57,250.00 "
12/10/2010,"$57,050.00 "
12/13/2010,"$58,250.00 "
12/14/2010,"$58,125.00 "
12/16/2010,"$58,350.00 "
12/17/2010,"$58,550.00 "
12/20/2010,"$57,875.00 "
12/23/2010,"$59,275.00 "
12/27/2010,"$59,525.00 "
12/30/2010,"$58,825.00 "
12/31/2010,"$58,625.00 "
1/4/2011,"$60,925.00 "
1/5/2011,"$61,100.00 "
1/6/2011,"$60,800.00 "
1/7/2011,"$61,050.00 "
1/13/2011,"$63,800.00 "
1/14/2011,"$63,575.00 "
1/18/2011,"$63,250.00 "
1/25/2011,"$63,100.00 "
1/27/2011,"$62,975.00 "
1/31/2011,"$64,850.00 "
2/2/2011,"$69,650.00 "
2/3/2011,"$69,925.00 "
2/8/2011,"$69,575.00 "
2/15/2011,"$70,150.00 "
2/16/2011,"$69,650.00 "
2/17/2011,"$68,800.00 "
2/23/2011,"$71,550.00 "
3/1/2011,"$75,750.00 "
3/2/2011,"$77,625.00 "
3/4/2011,"$81,225.00 "
3/9/2011,"$80,225.00 "
3/11/2011,"$81,737.50 "
3/14/2011,"$82,287.50 "
3/22/2011,"$86,287.50 "
3/23/2011,"$86,937.50 "
3/28/2011,"$88,637.50 "
3/29/2011,"$89,087.50 "
3/31/2011,"$90,887.50 "
4/1/2011,"$90,712.50 "
4/4/2011,"$90,112.50 "
4/5/2011,"$89,887.50 "
4/6/2011,"$89,412.50 "
4/7/2011,"$87,737.50 "
4/14/2011,"$85,087.50 "
4/19/2011,"$84,337.50 "
4/21/2011,"$90,087.50 "
4/26/2011,"$89,587.50 "
4/27/2011,"$89,587.50 "
4/29/2011,"$88,362.50 "
5/2/2011,"$88,062.50 "
5/4/2011,"$89,187.50 "
5/9/2011,"$88,087.50 "
5/12/2011,"$89,487.50 "
5/13/2011,"$88,137.50 "
5/16/2011,"$88,787.50 "
5/17/2011,"$88,312.50 "
5/19/2011,"$89,462.50 "
5/20/2011,"$89,062.50 "
5/26/2011,"$88,862.50 "
6/2/2011,"$91,187.50 "
6/8/2011,"$88,437.50 "
6/9/2011,"$88,462.50 "
6/10/2011,"$86,462.50 "
6/13/2011,"$86,612.50 "
6/15/2011,"$88,062.50 "
6/16/2011,"$89,087.50 "
6/17/2011,"$85,912.50 "
6/22/2011,"$90,212.50 "
6/23/2011,"$91,712.50 "
6/29/2011,"$98,112.50 "
7/6/2011,"$98,187.50 "
7/8/2011,"$95,837.50 "
7/14/2011,"$94,762.50 "
7/15/2011,"$94,862.50 "
7/18/2011,"$93,012.50 "
7/19/2011,"$92,012.50 "
7/20/2011,"$93,812.50 "
7/25/2011,"$93,687.50 "
7/29/2011,"$88,587.50 "
8/1/2011,"$88,687.50 "
8/3/2011,"$90,412.50 "
8/4/2011,"$86,762.50 "
8/5/2011,"$90,662.50 "
8/8/2011,"$92,162.50 "
8/10/2011,"$91,887.50 "
8/11/2011,"$91,987.50 "
8/12/2011,"$99,137.50 "
8/16/2011,"$98,287.50 "
8/19/2011,"$99,687.50 "
8/22/2011,"$97,012.50 "
8/24/2011,"$100,762.50 "
8/26/2011,"$103,587.50 "
8/30/2011,"$109,975.00 "
8/31/2011,"$106,625.00 "
9/2/2011,"$108,325.00 "
9/8/2011,"$112,275.00 "
9/9/2011,"$113,775.00 "
9/14/2011,"$115,750.00 "
9/19/2011,"$115,850.00 "
9/21/2011,"$111,100.00 "
9/22/2011,"$115,925.00 "
9/27/2011,"$120,725.00 "
9/28/2011,"$125,250.00 "
9/29/2011,"$125,375.00 "
9/30/2011,"$120,625.00 "
10/3/2011,"$121,575.00 "
10/4/2011,"$120,725.00 "
10/6/2011,"$124,425.00 "
10/7/2011,"$124,050.00 "
10/11/2011,"$124,800.00 "
10/12/2011,"$123,400.00 "
10/13/2011,"$120,400.00 "
10/17/2011,"$119,750.00 "
10/18/2011,"$121,350.00 "
10/19/2011,"$123,300.00 "
10/20/2011,"$123,300.00 "
10/25/2011,"$124,550.00 "
10/26/2011,"$124,525.00 "
10/27/2011,"$128,375.00 "
10/28/2011,"$132,775.00 "
10/31/2011,"$134,225.00 "
11/3/2011,"$134,575.00 "
11/4/2011,"$133,425.00 "
11/8/2011,"$132,575.00 "
11/10/2011,"$132,600.00 "
11/14/2011,"$136,000.00 "
11/15/2011,"$136,325.00 "
11/16/2011,"$133,225.00 "
11/21/2011,"$126,800.00 "
11/22/2011,"$126,600.00 "
11/23/2011,"$121,800.00 "
11/25/2011,"$121,875.00 "
11/29/2011,"$127,575.00 "
11/30/2011,"$123,475.00 "
12/1/2011,"$126,125.00 "
12/2/2011,"$125,025.00 "
12/6/2011,"$125,925.00 "
12/12/2011,"$121,725.00 "
12/13/2011,"$120,325.00 "
12/14/2011,"$117,775.00 "
12/19/2011,"$116,725.00 "
12/20/2011,"$115,025.00 "
12/21/2011,"$114,925.00 "
12/27/2011,"$118,000.00 "
12/29/2011,"$119,300.00 "
12/30/2011,"$118,650.00 "
1/3/2012,"$116,300.00 "
1/6/2012,"$115,300.00 "
1/9/2012,"$115,050.00 "
1/11/2012,"$116,650.00 "
1/13/2012,"$115,925.00 "
1/20/2012,"$118,375.00 "
1/23/2012,"$117,400.00 "
1/24/2012,"$117,375.00 "
1/26/2012,"$116,075.00 "
1/27/2012,"$116,250.00 "
1/30/2012,"$114,000.00 "
2/2/2012,"$115,825.00 "
2/3/2012,"$114,200.00 "
2/6/2012,"$113,950.00 "
2/7/2012,"$113,475.00 "
2/8/2012,"$112,375.00 "
2/9/2012,"$111,075.00 "
2/14/2012,"$110,875.00 "
2/21/2012,"$112,175.00 "
2/23/2012,"$112,500.00 "
2/24/2012,"$113,550.00 "
2/27/2012,"$113,175.00 "
2/29/2012,"$112,250.00 "
3/1/2012,"$109,375.00 "
3/2/2012,"$109,425.00 "
3/5/2012,"$110,475.00 "
3/9/2012,"$113,875.00 "
3/13/2012,"$113,075.00 "
3/14/2012,"$116,075.00 "
3/15/2012,"$116,350.00 "
3/16/2012,"$116,900.00 "
3/19/2012,"$116,675.00 "
3/20/2012,"$115,675.00 "
3/21/2012,"$115,325.00 "
3/22/2012,"$113,125.00 "
3/23/2012,"$113,350.00 "
3/27/2012,"$118,150.00 "
3/28/2012,"$119,275.00 "
4/3/2012,"$120,925.00 "
4/4/2012,"$122,475.00 "
4/9/2012,"$119,125.00 "
4/10/2012,"$118,900.00 "
4/13/2012,"$120,000.00 "
4/16/2012,"$120,425.00 "
4/18/2012,"$123,475.00 "
4/19/2012,"$123,675.00 "
4/23/2012,"$118,825.00 "
4/24/2012,"$118,125.00 "
4/26/2012,"$121,575.00 "
4/27/2012,"$120,275.00 "
4/30/2012,"$118,675.00 "
5/1/2012,"$118,725.00 "
5/2/2012,"$115,375.00 "
5/3/2012,"$114,700.00 "
5/8/2012,"$112,700.00 "
5/11/2012,"$109,575.00 "
5/15/2012,"$111,450.00 "
5/16/2012,"$107,750.00 "
5/18/2012,"$109,575.00 "
5/22/2012,"$110,300.00 "
5/23/2012,"$110,400.00 "
5/30/2012,"$109,650.00 "
5/31/2012,"$110,850.00 "
6/4/2012,"$112,150.00 "
6/6/2012,"$115,900.00 "
6/7/2012,"$120,750.00 "
6/8/2012,"$121,050.00 "
6/13/2012,"$121,100.00 "
6/14/2012,"$121,575.00 "
6/18/2012,"$124,175.00 "
6/20/2012,"$124,175.00 "
6/21/2012,"$125,675.00 "
6/22/2012,"$126,862.50 "
6/25/2012,"$124,362.50 "
6/26/2012,"$123,962.50 "
6/28/2012,"$124,812.50 "
7/2/2012,"$126,362.50 "
7/5/2012,"$125,387.50 "
7/6/2012,"$126,537.50 "
7/10/2012,"$123,337.50 "
7/11/2012,"$122,937.50 "
7/12/2012,"$120,937.50 "
7/16/2012,"$120,237.50 "
7/17/2012,"$119,837.50 "
7/19/2012,"$122,637.50 "
7/23/2012,"$124,287.50 "
7/27/2012,"$129,475.00 "
7/30/2012,"$135,125.00 "
7/31/2012,"$135,025.00 "
8/2/2012,"$136,575.00 "
8/7/2012,"$138,675.00 "
8/9/2012,"$138,525.00 "
8/17/2012,"$140,175.00 "
8/21/2012,"$137,875.00 "
8/22/2012,"$137,475.00 "
8/29/2012,"$137,675.00 "
8/31/2012,"$136,650.00 "
9/4/2012,"$135,550.00 "
9/5/2012,"$134,950.00 "
9/6/2012,"$133,350.00 "
9/10/2012,"$135,800.00 "
9/11/2012,"$136,025.00 "
9/12/2012,"$136,075.00 "
9/13/2012,"$134,800.00 "
9/17/2012,"$134,800.00 "
9/18/2012,"$135,150.00 "
9/20/2012,"$132,650.00 "
9/21/2012,"$131,475.00 "
9/24/2012,"$129,675.00 "
9/25/2012,"$129,350.00 "
9/26/2012,"$129,475.00 "
9/28/2012,"$129,275.00 "
10/1/2012,"$128,325.00 "
10/2/2012,"$126,125.00 "
10/3/2012,"$125,500.00 "
10/4/2012,"$123,725.00 "
10/8/2012,"$122,575.00 "
10/9/2012,"$122,850.00 "
10/12/2012,"$120,500.00 "
10/15/2012,"$120,200.00 "
10/18/2012,"$124,550.00 "
10/19/2012,"$127,225.00 "
10/26/2012,"$126,425.00 "
11/2/2012,"$129,300.00 "
11/5/2012,"$130,900.00 "
11/7/2012,"$128,400.00 "
11/8/2012,"$128,800.00 "
11/13/2012,"$128,250.00 "
11/15/2012,"$130,850.00 "
11/19/2012,"$134,600.00 "
11/20/2012,"$138,225.00 "
11/26/2012,"$141,100.00 "
11/28/2012,"$140,725.00 "
11/30/2012,"$142,825.00 "
12/6/2012,"$141,850.00 "
12/7/2012,"$140,900.00 "
12/12/2012,"$139,550.00 "
12/19/2012,"$144,100.00 "
12/20/2012,"$144,775.00 "
12/21/2012,"$142,125.00 "
12/27/2012,"$141,425.00 "
1/2/2013,"$145,575.00 "
1/3/2013,"$150,400.00 "
1/4/2013,"$150,525.00 "
1/7/2013,"$149,575.00 "
1/11/2013,"$150,475.00 "
1/15/2013,"$149,650.00 "
1/16/2013,"$149,200.00 "
1/18/2013,"$148,875.00 "
1/22/2013,"$147,900.00 "
1/23/2013,"$148,500.00 "
1/24/2013,"$147,775.00 "
1/25/2013,"$145,700.00 "
1/28/2013,"$144,825.00 "
1/29/2013,"$144,650.00 "
1/30/2013,"$144,250.00 "
1/31/2013,"$144,400.00 "
2/4/2013,"$145,500.00 "
2/5/2013,"$144,850.00 "
2/6/2013,"$144,700.00 "
2/11/2013,"$144,400.00 "
2/12/2013,"$144,400.00 "
2/13/2013,"$144,600.00 "
2/15/2013,"$144,150.00 "
2/20/2013,"$144,250.00 "
2/21/2013,"$146,325.00 "
2/25/2013,"$148,125.00 "
2/26/2013,"$149,550.00 "
2/28/2013,"$154,550.00 "
3/1/2013,"$154,600.00 "
3/6/2013,"$154,600.00 "
3/8/2013,"$153,900.00 "
3/11/2013,"$154,000.00 "
3/13/2013,"$153,575.00 "
3/15/2013,"$153,925.00 "
3/18/2013,"$154,225.00 "
3/19/2013,"$153,900.00 "
3/21/2013,"$153,100.00 "
3/22/2013,"$153,350.00 "
3/25/2013,"$152,450.00 "
3/26/2013,"$151,750.00 "
3/27/2013,"$150,950.00 "
4/1/2013,"$149,800.00 "
4/2/2013,"$148,775.00 "
4/3/2013,"$147,375.00 "
4/4/2013,"$147,825.00 "
4/5/2013,"$144,625.00 "
4/11/2013,"$147,750.00 "
4/12/2013,"$151,950.00 "
4/17/2013,"$150,600.00 "
4/18/2013,"$150,950.00 "
4/22/2013,"$153,150.00 "
4/25/2013,"$150,950.00 "
4/26/2013,"$150,950.00 "
4/30/2013,"$149,750.00 "
5/2/2013,"$149,800.00 "
5/6/2013,"$153,250.00 "
5/7/2013,"$152,475.00 "
5/8/2013,"$152,875.00 "
5/13/2013,"$152,025.00 "
5/14/2013,"$150,700.00 "
5/15/2013,"$151,150.00 "
5/17/2013,"$150,675.00 "
5/20/2013,"$152,675.00 "
5/21/2013,"$152,150.00 "
5/22/2013,"$150,900.00 "
5/23/2013,"$152,400.00 "
5/29/2013,"$148,812.50 "
5/30/2013,"$147,662.50 "
5/31/2013,"$146,312.50 "
6/3/2013,"$148,887.50 "
6/4/2013,"$145,437.50 "
6/6/2013,"$146,912.50 "
6/10/2013,"$150,012.50 "
6/12/2013,"$154,937.50 "
6/14/2013,"$158,437.50 "
6/17/2013,"$156,787.50 "
6/20/2013,"$158,575.00 "
6/24/2013,"$157,700.00 "
6/28/2013,"$159,125.00 "
7/1/2013,"$157,725.00 "
7/2/2013,"$157,275.00 "
7/3/2013,"$157,900.00 "
7/10/2013,"$160,000.00 "
7/11/2013,"$158,075.00 "
7/12/2013,"$159,175.00 "
7/15/2013,"$158,650.00 "
7/16/2013,"$158,000.00 "
7/17/2013,"$157,900.00 "
7/19/2013,"$159,050.00 "
7/22/2013,"$158,475.00 "
7/24/2013,"$157,425.00 "
7/25/2013,"$158,125.00 "
7/26/2013,"$155,725.00 "
7/30/2013,"$154,525.00 "
8/2/2013,"$157,275.00 "
8/6/2013,"$157,700.00 "
8/9/2013,"$156,650.00 "
8/14/2013,"$156,200.00 "
8/19/2013,"$154,700.00 "
8/20/2013,"$155,100.00 "
8/21/2013,"$154,700.00 "
8/23/2013,"$154,600.00 "
8/27/2013,"$156,100.00 "
8/28/2013,"$157,887.50 "
8/30/2013,"$157,337.50 "
9/3/2013,"$155,737.50 "
9/5/2013,"$158,687.50 "
9/6/2013,"$158,462.50 "
9/10/2013,"$162,762.50 "
9/11/2013,"$162,262.50 "
9/17/2013,"$165,062.50 "
9/18/2013,"$163,462.50 "
9/19/2013,"$163,362.50 "
9/23/2013,"$165,512.50 "
9/24/2013,"$165,087.50 "
9/27/2013,"$162,287.50 "
9/30/2013,"$162,862.50 "
10/2/2013,"$161,112.50 "
10/4/2013,"$161,512.50 "
10/7/2013,"$160,662.50 "
10/8/2013,"$161,137.50 "
10/11/2013,"$168,487.50 "
10/14/2013,"$167,562.50 "
10/17/2013,"$167,262.50 "
10/22/2013,"$166,462.50 "
10/23/2013,"$164,262.50 "
10/24/2013,"$163,737.50 "
10/25/2013,"$163,112.50 "
10/30/2013,"$163,762.50 "
10/31/2013,"$165,087.50 "
11/1/2013,"$163,887.50 "
11/5/2013,"$161,837.50 "
11/6/2013,"$160,837.50 "
11/7/2013,"$159,637.50 "
11/8/2013,"$160,937.50 "
11/12/2013,"$161,987.50 "
11/13/2013,"$162,337.50 "
11/18/2013,"$167,387.50 "
11/20/2013,"$168,237.50 "
11/21/2013,"$164,912.50 "
11/22/2013,"$166,412.50 "
11/26/2013,"$165,937.50 "
12/2/2013,"$165,187.50 "
12/3/2013,"$165,712.50 "
12/9/2013,"$167,312.50 "
12/12/2013,"$168,775.00 "
12/17/2013,"$170,875.00 "
12/18/2013,"$170,425.00 "
12/19/2013,"$171,725.00 "
12/20/2013,"$170,625.00 "
12/24/2013,"$174,225.00 "
12/27/2013,"$173,450.00 "
1/2/2014,"$171,850.00 "
1/6/2014,"$171,925.00 "
1/7/2014,"$171,075.00 "
1/9/2014,"$170,725.00 "
1/13/2014,"$171,275.00 "
1/14/2014,"$172,950.00 "
1/16/2014,"$174,550.00 "
1/21/2014,"$173,900.00 "
1/23/2014,"$171,450.00 "
1/24/2014,"$172,950.00 "
1/29/2014,"$172,975.00 "
1/30/2014,"$172,925.00 "
1/31/2014,"$170,125.00 "
2/3/2014,"$171,625.00 "
2/4/2014,"$173,350.00 "
2/5/2014,"$171,250.00 "
2/6/2014,"$169,600.00 "
2/10/2014,"$175,700.00 "
2/11/2014,"$174,575.00 "
2/12/2014,"$175,725.00 "
2/13/2014,"$175,300.00 "
2/14/2014,"$176,650.00 "
2/20/2014,"$177,900.00 "
2/25/2014,"$178,400.00 "
2/26/2014,"$177,475.00 "
2/27/2014,"$176,175.00 "
3/3/2014,"$174,950.00 "
3/5/2014,"$175,450.00 "
3/6/2014,"$174,500.00 "
3/7/2014,"$175,000.00 "
3/10/2014,"$175,325.00 "
3/12/2014,"$175,925.00 "
3/13/2014,"$173,375.00 "
3/14/2014,"$174,025.00 "
3/19/2014,"$179,525.00 "
3/20/2014,"$180,225.00 "
3/24/2014,"$175,925.00 "
3/25/2014,"$174,600.00 "
3/26/2014,"$175,450.00 "
3/27/2014,"$177,050.00 "
4/1/2014,"$180,250.00 "
4/7/2014,"$181,200.00 "
4/8/2014,"$182,887.50 "
4/10/2014,"$184,987.50 "
4/11/2014,"$186,625.00 "
4/15/2014,"$187,375.00 "
4/17/2014,"$189,050.00 "
4/22/2014,"$187,600.00 "
4/23/2014,"$187,000.00 "
4/24/2014,"$186,450.00 "
4/28/2014,"$184,725.00 "
4/30/2014,"$184,125.00 "
5/1/2014,"$183,375.00 "
5/2/2014,"$182,850.00 "
5/5/2014,"$181,750.00 "
5/8/2014,"$182,450.00 "
5/9/2014,"$182,150.00 "
5/13/2014,"$183,500.00 "
5/15/2014,"$185,000.00 "
5/20/2014,"$187,637.50 "
5/21/2014,"$187,062.50 "
5/28/2014,"$193,062.50 "
5/29/2014,"$192,662.50 "
5/30/2014,"$192,912.50 "
6/9/2014,"$197,937.50 "
6/10/2014,"$198,212.50 "
6/18/2014,"$199,262.50 "
6/19/2014,"$198,912.50 "
6/20/2014,"$198,362.50 "
6/23/2014,"$197,912.50 "
6/24/2014,"$197,237.50 "
6/25/2014,"$193,587.50 "
6/26/2014,"$191,987.50 "
7/2/2014,"$194,887.50 "
7/3/2014,"$194,287.50 "
7/8/2014,"$195,237.50 "
7/10/2014,"$192,387.50 "
7/11/2014,"$192,162.50 "
7/15/2014,"$194,812.50 "
7/16/2014,"$194,087.50 "
7/17/2014,"$191,837.50 "
7/18/2014,"$192,312.50 "
7/21/2014,"$192,812.50 "
7/22/2014,"$191,612.50 "
7/23/2014,"$191,512.50 "
7/28/2014,"$193,012.50 "
7/30/2014,"$189,862.50 "
7/31/2014,"$191,362.50 "
8/1/2014,"$193,075.00 "
8/5/2014,"$193,175.00 "
8/6/2014,"$193,275.00 "
8/7/2014,"$189,425.00 "
8/8/2014,"$188,925.00 "
8/13/2014,"$188,350.00 "
8/15/2014,"$189,450.00 "
8/19/2014,"$191,075.00 "
8/20/2014,"$190,525.00 "
8/22/2014,"$189,825.00 "
8/27/2014,"$189,100.00 "
8/29/2014,"$189,325.00 "
9/2/2014,"$188,775.00 "
9/3/2014,"$187,900.00 "
9/4/2014,"$187,225.00 "
9/5/2014,"$184,775.00 "
9/8/2014,"$185,025.00 "
9/10/2014,"$186,875.00 "
9/12/2014,"$186,175.00 "
9/15/2014,"$187,300.00 "
9/19/2014,"$192,900.00 "
9/23/2014,"$194,975.00 "
9/25/2014,"$193,325.00 "
9/26/2014,"$193,825.00 "
9/29/2014,"$193,625.00 "
9/30/2014,"$192,900.00 "
10/1/2014,"$191,275.00 "
10/6/2014,"$193,875.00 "
10/7/2014,"$195,375.00 "
10/8/2014,"$196,900.00 "
10/9/2014,"$197,100.00 "
10/10/2014,"$199,850.00 "
10/15/2014,"$192,150.00 "
10/17/2014,"$198,050.00 "
10/22/2014,"$207,075.00 "
10/23/2014,"$207,300.00 "
10/24/2014,"$206,350.00 "
10/29/2014,"$208,200.00 "
10/30/2014,"$208,575.00 "
11/3/2014,"$213,525.00 "
11/4/2014,"$214,050.00 "
11/6/2014,"$214,650.00 "
11/7/2014,"$213,700.00 "
11/11/2014,"$213,175.00 "
11/14/2014,"$213,300.00 "
11/17/2014,"$212,700.00 "
11/18/2014,"$211,300.00 "
11/20/2014,"$211,025.00 "
11/24/2014,"$214,075.00 "
11/26/2014,"$213,800.00 "
12/2/2014,"$215,150.00 "
12/4/2014,"$216,500.00 "
12/5/2014,"$215,725.00 "
12/8/2014,"$215,125.00 "
12/9/2014,"$216,900.00 "
12/10/2014,"$216,762.50 "
12/11/2014,"$216,762.50 "
12/12/2014,"$212,762.50 "
12/15/2014,"$212,962.50 "
12/18/2014,"$216,712.50 "
12/19/2014,"$222,287.50 "
12/24/2014,"$221,687.50 "
12/26/2014,"$221,062.50 "
12/29/2014,"$221,512.50 "
12/31/2014,"$222,712.50 "
1/2/2015,"$222,812.50 "
1/8/2015,"$226,562.50 "
1/9/2015,"$229,912.50 "
1/12/2015,"$231,662.50 "
1/13/2015,"$224,362.50 "
1/14/2015,"$224,987.50 "
1/15/2015,"$224,287.50 "
1/20/2015,"$227,537.50 "
1/21/2015,"$225,787.50 "
1/23/2015,"$230,637.50 "
1/26/2015,"$231,262.50 "
1/27/2015,"$226,062.50 "
1/30/2015,"$225,362.50 "
2/3/2015,"$227,637.50 "
2/4/2015,"$231,687.50 "
2/5/2015,"$230,737.50 "
2/6/2015,"$232,387.50 "
2/9/2015,"$234,037.50 "
2/11/2015,"$233,587.50 "
2/17/2015,"$235,862.50 "
2/18/2015,"$235,737.50 "
2/20/2015,"$234,962.50 "
2/23/2015,"$236,862.50 "
2/26/2015,"$235,287.50 "
2/27/2015,"$234,862.50 "
3/3/2015,"$233,512.50 "
3/4/2015,"$234,137.50 "
3/6/2015,"$232,987.50 "
3/9/2015,"$234,862.50 "
3/10/2015,"$231,362.50 "
3/11/2015,"$232,162.50 "
3/13/2015,"$234,712.50 "
3/16/2015,"$232,187.50 "
3/17/2015,"$231,087.50 "
3/19/2015,"$230,487.50 "
3/20/2015,"$228,987.50 "
3/24/2015,"$228,387.50 "
3/25/2015,"$229,887.50 "
3/31/2015,"$233,287.50 "
4/1/2015,"$234,787.50 "
4/7/2015,"$239,425.00 "
4/8/2015,"$239,425.00 "
4/13/2015,"$240,325.00 "
4/14/2015,"$241,825.00 "
4/16/2015,"$243,175.00 "
4/17/2015,"$245,200.00 "
4/21/2015,"$244,450.00 "
4/22/2015,"$243,825.00 "
4/24/2015,"$245,575.00 "
4/27/2015,"$244,850.00 "
4/28/2015,"$244,650.00 "
4/29/2015,"$243,650.00 "
4/30/2015,"$245,200.00 "
5/5/2015,"$246,550.00 "
5/6/2015,"$248,725.00 "
5/11/2015,"$254,675.00 "
5/12/2015,"$255,875.00 "
5/15/2015,"$260,375.00 "
5/18/2015,"$259,300.00 "
5/22/2015,"$259,200.00 "
5/26/2015,"$260,700.00 "
5/28/2015,"$261,325.00 "
6/2/2015,"$260,300.00 "
6/5/2015,"$262,000.00 "
6/8/2015,"$260,600.00 "
6/9/2015,"$261,100.00 "
6/11/2015,"$265,600.00 "
6/15/2015,"$267,025.00 "
6/17/2015,"$267,775.00 "
6/19/2015,"$269,875.00 "
6/22/2015,"$269,225.00 "
6/23/2015,"$267,825.00 "
6/25/2015,"$268,700.00 "
7/2/2015,"$270,700.00 "
7/6/2015,"$271,050.00 "
7/8/2015,"$267,000.00 "
7/9/2015,"$265,975.00 "
7/14/2015,"$269,725.00 "
7/16/2015,"$271,925.00 "
7/17/2015,"$272,125.00 "
7/20/2015,"$271,500.00 "
7/22/2015,"$271,500.00 "
7/23/2015,"$268,950.00 "
7/24/2015,"$269,100.00 "
7/29/2015,"$272,850.00 "
7/31/2015,"$272,500.00 "
8/3/2015,"$270,600.00 "
8/4/2015,"$270,625.00 "
8/5/2015,"$268,800.00 "
8/6/2015,"$268,675.00 "
8/11/2015,"$266,625.00 "
8/12/2015,"$268,125.00 "
8/17/2015,"$266,900.00 "
8/19/2015,"$268,400.00 "
8/25/2015,"$256,950.00 "
8/31/2015,"$256,750.00 "
9/3/2015,"$260,500.00 "
9/8/2015,"$260,025.00 "
9/9/2015,"$263,775.00 "
9/10/2015,"$268,512.50 "
9/11/2015,"$264,312.50 "
9/17/2015,"$268,012.50 "
9/21/2015,"$267,212.50 "
9/22/2015,"$262,212.50 "
9/23/2015,"$262,462.50 "
9/24/2015,"$261,487.50 "
9/28/2015,"$254,887.50 "
9/29/2015,"$256,387.50 "
10/1/2015,"$260,037.50 "
10/2/2015,"$262,162.50 "
10/5/2015,"$265,912.50 "
10/6/2015,"$272,062.50 "
10/7/2015,"$269,962.50 "
10/8/2015,"$270,362.50 "
10/9/2015,"$269,312.50 "
10/13/2015,"$268,637.50 "
10/16/2015,"$272,787.50 "
10/20/2015,"$271,937.50 "
10/21/2015,"$270,737.50 "
10/22/2015,"$269,887.50 "
10/23/2015,"$273,887.50 "
10/27/2015,"$274,587.50 "
10/29/2015,"$275,937.50 "
10/30/2015,"$276,062.50 "
11/3/2015,"$277,262.50 "
11/5/2015,"$277,112.50 "
11/12/2015,"$274,262.50 "
11/13/2015,"$276,487.50 "
11/17/2015,"$280,687.50 "
11/18/2015,"$279,837.50 "
11/19/2015,"$284,887.50 "
11/20/2015,"$283,387.50 "
11/23/2015,"$281,287.50 "
11/24/2015,"$280,612.50 "
11/25/2015,"$280,662.50 "
11/27/2015,"$280,062.50 "
12/1/2015,"$279,187.50 "
12/2/2015,"$281,137.50 "
12/3/2015,"$283,637.50 "
12/7/2015,"$285,287.50 "
12/8/2015,"$285,887.50 "
12/11/2015,"$276,087.50 "
12/14/2015,"$278,412.50 "
12/16/2015,"$278,512.50 "
12/18/2015,"$280,012.50 "
12/21/2015,"$281,737.50 "
12/23/2015,"$285,712.50 "
12/24/2015,"$290,612.50 "
12/28/2015,"$291,487.50 "
12/30/2015,"$290,987.50 "
12/31/2015,"$292,487.50 "
1/4/2016,"$292,787.50 "
1/6/2016,"$289,387.50 "
1/7/2016,"$291,612.50 "
1/8/2016,"$293,787.50 "
1/11/2016,"$286,887.50 "
1/12/2016,"$283,087.50 "
1/13/2016,"$279,412.50 "
1/14/2016,"$283,237.50 "
1/15/2016,"$276,487.50 "
1/19/2016,"$274,962.50 "
1/20/2016,"$265,362.50 "
1/22/2016,"$271,100.00 "
1/25/2016,"$273,800.00 "
1/26/2016,"$274,775.00 "
1/27/2016,"$274,825.00 "
1/28/2016,"$275,050.00 "
1/29/2016,"$278,800.00 "
2/1/2016,"$282,550.00 "
2/5/2016,"$278,600.00 "
2/8/2016,"$280,225.00 "
2/11/2016,"$274,800.00 "
2/12/2016,"$272,725.00 "
2/16/2016,"$276,775.00 "
2/18/2016,"$284,775.00 "
2/19/2016,"$286,025.00 "
2/23/2016,"$285,325.00 "
2/24/2016,"$286,825.00 "
3/1/2016,"$291,562.50 "
3/2/2016,"$295,962.50 "
3/7/2016,"$295,612.50 "
3/9/2016,"$295,862.50 "
3/10/2016,"$294,912.50 "
3/14/2016,"$293,862.50 "
3/15/2016,"$294,162.50 "
3/18/2016,"$299,962.50 "
3/21/2016,"$299,187.50 "
3/30/2016,"$302,937.50 "
3/31/2016,"$305,637.50 "
4/1/2016,"$305,137.50 "
4/7/2016,"$304,837.50 "
4/8/2016,"$303,662.50 "
4/13/2016,"$307,812.50 "
4/15/2016,"$307,662.50 "
4/20/2016,"$309,862.50 "
4/25/2016,"$309,087.50 "
4/27/2016,"$306,687.50 "
4/29/2016,"$308,187.50 "
5/3/2016,"$307,412.50 "
5/4/2016,"$308,062.50 "
5/9/2016,"$309,062.50 "
5/10/2016,"$307,612.50 "
5/12/2016,"$308,662.50 "
5/17/2016,"$309,012.50 "
5/18/2016,"$309,137.50 "
5/23/2016,"$308,187.50 "
5/27/2016,"$307,562.50 "
6/1/2016,"$307,062.50 "
6/2/2016,"$305,362.50 "
6/3/2016,"$303,787.50 "
6/9/2016,"$304,937.50 "
6/16/2016,"$299,087.50 "
6/21/2016,"$301,562.50 "
6/22/2016,"$300,562.50 "
6/24/2016,"$292,812.50 "
6/27/2016,"$297,425.00 "
6/29/2016,"$301,175.00 "
6/30/2016,"$306,300.00 "
7/6/2016,"$308,525.00 "
7/8/2016,"$312,275.00 "
7/11/2016,"$316,500.00 "
7/14/2016,"$315,075.00 "
7/19/2016,"$314,175.00 "
7/20/2016,"$313,525.00 "
7/21/2016,"$311,925.00 "
7/22/2016,"$311,850.00 "
7/25/2016,"$311,050.00 "
7/26/2016,"$310,450.00 "
7/27/2016,"$309,350.00 "
7/28/2016,"$308,975.00 "
7/29/2016,"$308,500.00 "
8/1/2016,"$308,100.00 "
8/3/2016,"$309,650.00 "
8/8/2016,"$313,650.00 "
8/11/2016,"$313,300.00 "
8/12/2016,"$312,550.00 "
8/15/2016,"$311,800.00 "
8/16/2016,"$309,750.00 "
8/17/2016,"$310,400.00 "
8/19/2016,"$309,000.00 "
8/22/2016,"$308,775.00 "
8/24/2016,"$307,225.00 "
8/25/2016,"$308,150.00 "
8/26/2016,"$306,100.00 "
8/29/2016,"$305,025.00 "
8/30/2016,"$304,325.00 "
8/31/2016,"$305,100.00 "
9/6/2016,"$304,800.00 "
9/7/2016,"$304,600.00 "
9/8/2016,"$303,100.00 "
9/9/2016,"$304,600.00 "
9/12/2016,"$307,050.00 "
9/13/2016,"$306,200.00 "
9/14/2016,"$305,750.00 "
9/16/2016,"$306,100.00 "
9/19/2016,"$304,250.00 "
9/20/2016,"$302,350.00 "
9/21/2016,"$301,450.00 "
9/23/2016,"$305,650.00 "
9/26/2016,"$307,425.00 "
9/29/2016,"$309,475.00 "
9/30/2016,"$310,175.00 "
10/3/2016,"$308,075.00 "
10/4/2016,"$307,650.00 "
10/6/2016,"$306,150.00 "
10/10/2016,"$304,625.00 "
10/11/2016,"$301,125.00 "
10/12/2016,"$301,575.00 "
10/13/2016,"$296,475.00 "
10/17/2016,"$291,200.00 "
10/18/2016,"$290,100.00 "
10/21/2016,"$290,625.00 "
10/25/2016,"$290,025.00 "
10/26/2016,"$290,500.00 "
11/1/2016,"$286,900.00 "
11/2/2016,"$287,925.00 "
11/8/2016,"$293,225.00 "
11/9/2016,"$290,925.00 "
11/15/2016,"$290,150.00 "
11/16/2016,"$290,800.00 "
11/17/2016,"$289,850.00 "
11/21/2016,"$290,300.00 "
11/23/2016,"$291,750.00 "
11/28/2016,"$289,925.00 "
11/29/2016,"$290,800.00 "
12/1/2016,"$291,575.00 "
12/6/2016,"$293,125.00 "
12/8/2016,"$291,975.00 "
12/14/2016,"$290,175.00 "
12/15/2016,"$290,475.00 "
12/21/2016,"$290,825.00 "
12/22/2016,"$291,625.00 "
12/28/2016,"$291,675.00 "
12/29/2016,"$292,625.00 "
12/30/2016,"$290,025.00 "
1/3/2017,"$287,925.00 "
1/6/2017,"$286,500.00 "
1/12/2017,"$284,400.00 "
1/17/2017,"$282,425.00 "
1/18/2017,"$282,525.00 "
1/26/2017,"$287,625.00 "
1/27/2017,"$288,100.00 "
2/6/2017,"$292,550.00 "
2/7/2017,"$292,275.00 "
2/13/2017,"$298,525.00 "
2/14/2017,"$297,500.00 "
2/16/2017,"$297,350.00 "
2/22/2017,"$296,350.00 "
2/23/2017,"$295,775.00 "
2/24/2017,"$294,725.00 "
2/28/2017,"$293,300.00 "
3/1/2017,"$291,425.00 "
3/2/2017,"$291,175.00 "
3/3/2017,"$292,150.00 "
3/6/2017,"$291,825.00 "
3/8/2017,"$290,725.00 "
3/9/2017,"$290,675.00 "
3/10/2017,"$288,100.00 "
3/14/2017,"$286,300.00 "
3/16/2017,"$288,925.00 "
3/17/2017,"$288,675.00 "
3/21/2017,"$288,425.00 "
3/24/2017,"$287,625.00 "
3/27/2017,"$287,950.00 "
3/29/2017,"$288,800.00 "
3/30/2017,"$288,550.00 "
4/3/2017,"$287,050.00 "
4/4/2017,"$287,750.00 "
4/5/2017,"$283,900.00 "
4/10/2017,"$283,150.00 "
4/11/2017,"$280,350.00 "
4/18/2017,"$281,475.00 "
4/19/2017,"$278,950.00 "
4/20/2017,"$278,550.00 "
4/24/2017,"$276,475.00 "
4/26/2017,"$280,075.00 "
5/1/2017,"$280,500.00 "
5/2/2017,"$279,700.00 "
5/3/2017,"$279,925.00 "
5/8/2017,"$281,025.00 "
5/10/2017,"$281,075.00 "
5/11/2017,"$279,775.00 "
5/12/2017,"$279,150.00 "
5/16/2017,"$279,950.00 "
5/17/2017,"$281,450.00 "
5/18/2017,"$283,625.00 "
5/23/2017,"$287,375.00 "
5/24/2017,"$290,325.00 "
5/26/2017,"$290,025.00 "
6/2/2017,"$292,675.00 "
6/6/2017,"$293,125.00 "
6/7/2017,"$292,775.00 "
6/8/2017,"$292,250.00 "
6/13/2017,"$291,200.00 "
6/14/2017,"$291,250.00 "
6/15/2017,"$292,050.00 "
6/20/2017,"$295,050.00 "
6/21/2017,"$295,825.00 "
6/27/2017,"$295,075.00 "
6/28/2017,"$295,500.00 "
6/29/2017,"$294,750.00 "
6/30/2017,"$295,375.00 "
7/5/2017,"$295,525.00 "
7/6/2017,"$295,675.00 "
7/10/2017,"$295,025.00 "
7/11/2017,"$294,100.00 "
7/14/2017,"$293,625.00 "
7/17/2017,"$295,625.00 "
7/18/2017,"$295,800.00 "
7/20/2017,"$297,050.00 "
7/21/2017,"$297,125.00 "
7/26/2017,"$296,975.00 "
7/28/2017,"$298,050.00 "
7/31/2017,"$298,050.00 "
8/2/2017,"$297,300.00 "
8/3/2017,"$297,000.00 "
8/7/2017,"$297,000.00 "
8/8/2017,"$296,725.00 "
8/10/2017,"$297,675.00 "
8/11/2017,"$299,650.00 "
8/15/2017,"$304,450.00 "
8/16/2017,"$303,700.00 "
8/17/2017,"$300,100.00 "
8/18/2017,"$301,725.00 "
8/23/2017,"$306,575.00 "
8/24/2017,"$306,475.00 "
8/28/2017,"$306,225.00 "
8/29/2017,"$306,475.00 "
9/5/2017,"$309,525.00 "
9/7/2017,"$308,725.00 "
9/11/2017,"$306,700.00 "
9/12/2017,"$308,850.00 "
9/15/2017,"$308,825.00 "
9/19/2017,"$310,575.00 "
9/20/2017,"$310,450.00 "
9/21/2017,"$309,300.00 "
9/22/2017,"$309,600.00 "
9/25/2017,"$308,350.00 "
9/26/2017,"$307,275.00 "
9/27/2017,"$307,425.00 "
10/3/2017,"$310,250.00 "
10/4/2017,"$309,350.00 "
10/6/2017,"$310,350.00 "
10/9/2017,"$310,400.00 "
10/12/2017,"$310,000.00 "
10/13/2017,"$309,650.00 "
10/16/2017,"$309,550.00 "
10/18/2017,"$309,075.00 "
10/19/2017,"$306,425.00 "
10/23/2017,"$306,500.00 "
10/24/2017,"$307,325.00 "
10/25/2017,"$305,675.00 "
10/30/2017,"$307,850.00 "
10/31/2017,"$307,825.00 "
11/1/2017,"$308,625.00 "
11/6/2017,"$307,800.00 "
11/7/2017,"$308,150.00 "
11/8/2017,"$308,075.00 "
11/9/2017,"$305,175.00 "
11/10/2017,"$305,250.00 "
11/14/2017,"$303,200.00 "
11/15/2017,"$303,250.00 "
11/17/2017,"$304,550.00 "
11/21/2017,"$303,225.00 "
11/24/2017,"$302,725.00 "
11/29/2017,"$303,325.00 "
11/30/2017,"$301,700.00 "
12/1/2017,"$296,100.00 "
12/5/2017,"$290,400.00 "
12/6/2017,"$291,350.00 "
12/11/2017,"$295,700.00 "
12/13/2017,"$294,425.00 "
12/14/2017,"$293,625.00 "
12/15/2017,"$293,975.00 "
12/19/2017,"$296,975.00 "
12/20/2017,"$297,325.00 "
12/22/2017,"$296,425.00 "
12/26/2017,"$296,400.00 "
12/27/2017,"$295,750.00 "
12/28/2017,"$295,400.00 "
1/4/2018,"$299,150.00 "
1/5/2018,"$303,250.00 "
1/8/2018,"$301,675.00 "
1/10/2018,"$301,575.00 "
1/12/2018,"$305,375.00 "
1/16/2018,"$303,125.00 "
1/17/2018,"$301,350.00 "
1/18/2018,"$302,450.00 "
1/19/2018,"$301,775.00 "
1/23/2018,"$308,525.00 "
1/26/2018,"$306,900.00 "
1/29/2018,"$306,150.00 "
1/30/2018,"$308,012.50 "
2/2/2018,"$303,825.00 "
2/5/2018,"$308,075.00 "
2/6/2018,"$311,825.00 "
2/8/2018,"$314,450.00 "
2/13/2018,"$315,750.00 "
2/14/2018,"$312,000.00 "
2/21/2018,"$305,650.00 "
2/23/2018,"$304,125.00 "
2/28/2018,"$303,600.00 "
3/2/2018,"$303,050.00 "
3/5/2018,"$306,800.00 "
3/6/2018,"$310,700.00 "
3/7/2018,"$310,000.00 "
3/12/2018,"$313,750.00 "
3/13/2018,"$314,800.00 "
3/19/2018,"$303,900.00 "
3/22/2018,"$298,400.00 "
3/23/2018,"$301,337.50 "
3/26/2018,"$302,987.50 "
3/27/2018,"$310,862.50 "
3/28/2018,"$313,200.00 "
3/29/2018,"$316,950.00 "
4/2/2018,"$318,725.00 "
4/4/2018,"$319,712.50 "
4/6/2018,"$318,987.50 "
4/9/2018,"$321,262.50 "
4/11/2018,"$322,112.50 "
4/12/2018,"$319,937.50 "
4/17/2018,"$323,687.50 "
4/18/2018,"$327,712.50 "
4/19/2018,"$329,212.50 "
4/20/2018,"$330,525.00 "
4/24/2018,"$321,425.00 "
4/25/2018,"$320,625.00 "
4/27/2018,"$322,425.00 "
5/1/2018,"$323,925.00 "
5/3/2018,"$317,562.50 "
5/8/2018,"$317,887.50 "
5/11/2018,"$320,862.50 "
5/14/2018,"$321,612.50 "
5/18/2018,"$321,212.50 "
5/21/2018,"$319,662.50 "
5/22/2018,"$319,612.50 "
5/23/2018,"$320,737.50 "
5/29/2018,"$322,237.50 "
5/31/2018,"$325,562.50 "
6/1/2018,"$324,512.50 "
6/5/2018,"$327,912.50 "
6/7/2018,"$327,337.50 "
6/8/2018,"$326,887.50 "
6/12/2018,"$328,337.50 "
6/14/2018,"$328,312.50 "
6/15/2018,"$326,912.50 "
6/19/2018,"$321,562.50 "
6/21/2018,"$319,387.50 "
6/22/2018,"$318,787.50 "
6/25/2018,"$312,337.50 "
6/26/2018,"$312,487.50 "
6/27/2018,"$310,337.50 "
6/28/2018,"$311,312.50 "
7/2/2018,"$308,462.50 "
7/9/2018,"$312,037.50 "
7/13/2018,"$318,837.50 "
7/17/2018,"$319,537.50 "
7/20/2018,"$319,237.50 "
7/24/2018,"$317,287.50 "
7/27/2018,"$318,337.50 "
7/30/2018,"$320,262.50 "
7/31/2018,"$319,487.50 "
8/2/2018,"$321,437.50 "
8/7/2018,"$328,187.50 "
8/8/2018,"$328,287.50 "
8/10/2018,"$323,287.50 "
8/13/2018,"$322,687.50 "
8/15/2018,"$317,787.50 "
8/16/2018,"$314,537.50 "
8/17/2018,"$314,487.50 "
8/24/2018,"$314,337.50 "
8/28/2018,"$318,887.50 "
8/29/2018,"$318,287.50 "
8/30/2018,"$316,887.50 "
8/31/2018,"$317,612.50 "
9/6/2018,"$314,562.50 "
9/10/2018,"$313,512.50 "
9/11/2018,"$312,512.50 "
9/18/2018,"$312,887.50 "
9/19/2018,"$312,987.50 "
9/20/2018,"$311,462.50 "
9/21/2018,"$313,162.50 "
9/25/2018,"$314,487.50 "
10/1/2018,"$315,937.50 "
10/2/2018,"$316,362.50 "
10/4/2018,"$312,112.50 "
10/5/2018,"$314,087.50 "
10/10/2018,"$309,637.50 "
10/11/2018,"$314,187.50 "
10/16/2018,"$317,937.50 "
10/17/2018,"$321,912.50 "
10/18/2018,"$320,962.50 "
10/22/2018,"$315,562.50 "
10/23/2018,"$317,825.00 "
10/24/2018,"$320,750.00 "
10/25/2018,"$322,025.00 "
10/26/2018,"$316,075.00 "
10/29/2018,"$309,525.00 "
11/2/2018,"$297,725.00 "
11/7/2018,"$302,537.50 "
11/8/2018,"$310,112.50 "
11/9/2018,"$311,612.50 "
11/14/2018,"$302,712.50 "
11/15/2018,"$301,862.50 "
11/16/2018,"$300,462.50 "
11/19/2018,"$299,412.50 "
11/23/2018,"$295,687.50 "
11/28/2018,"$293,337.50 "
11/29/2018,"$295,787.50 "
12/4/2018,"$290,687.50 "
12/6/2018,"$298,612.50 "
12/7/2018,"$293,812.50 "
12/10/2018,"$295,312.50 "
12/13/2018,"$292,662.50 "
12/14/2018,"$294,162.50 "
12/17/2018,"$297,787.50 "
12/19/2018,"$288,687.50 "
12/20/2018,"$290,187.50 "
12/26/2018,"$295,525.00 "
12/27/2018,"$303,375.00 "
1/2/2019,"$303,750.00 "
1/4/2019,"$300,275.00 "
1/7/2019,"$303,425.00 "
1/8/2019,"$301,550.00 "
1/18/2019,"$306,325.00 "
1/22/2019,"$310,525.00 "
1/28/2019,"$309,500.00 "
1/30/2019,"$312,675.00 "
1/31/2019,"$317,175.00 "
2/4/2019,"$316,250.00 "
2/5/2019,"$315,700.00 "
2/7/2019,"$316,650.00 "
2/12/2019,"$322,125.00 "
2/14/2019,"$324,175.00 "
2/15/2019,"$321,375.00 "
2/19/2019,"$322,975.00 "
2/22/2019,"$322,575.00 "
2/25/2019,"$324,725.00 "
2/27/2019,"$326,100.00 "
3/4/2019,"$322,500.00 "
3/11/2019,"$324,775.00 "
3/12/2019,"$329,550.00 "
3/15/2019,"$328,575.00 "
3/19/2019,"$330,925.00 "
3/20/2019,"$332,775.00 "
3/22/2019,"$330,025.00 "
3/25/2019,"$332,112.50 "
3/27/2019,"$336,675.00 "
3/28/2019,"$334,925.00 "
4/3/2019,"$330,800.00 "
4/8/2019,"$330,900.00 "
4/10/2019,"$331,125.00 "
4/11/2019,"$330,525.00 "
4/12/2019,"$327,775.00 "
4/15/2019,"$326,425.00 "
4/16/2019,"$325,300.00 "
4/17/2019,"$324,050.00 "
4/18/2019,"$324,475.00 "
4/22/2019,"$323,625.00 "
4/23/2019,"$322,400.00 "
4/24/2019,"$324,500.00 "
4/26/2019,"$325,525.00 "
4/30/2019,"$326,375.00 "
5/1/2019,"$325,225.00 "
5/6/2019,"$321,325.00 "
5/9/2019,"$311,550.00 "
5/10/2019,"$308,375.00 "
5/13/2019,"$299,325.00 "
5/14/2019,"$298,700.00 "
5/15/2019,"$295,050.00 "
5/20/2019,"$296,025.00 "
5/22/2019,"$294,525.00 "
5/23/2019,"$296,025.00 "
5/28/2019,"$295,587.50 "
5/29/2019,"$297,087.50 "
5/31/2019,"$292,362.50 "
6/3/2019,"$293,712.50 "
6/4/2019,"$297,462.50 "
6/5/2019,"$302,912.50 "
6/6/2019,"$300,512.50 "
6/10/2019,"$304,162.50 "
6/11/2019,"$302,887.50 "
6/12/2019,"$305,062.50 "
6/14/2019,"$303,762.50 "
6/18/2019,"$306,562.50 "
6/19/2019,"$309,587.50 "
6/21/2019,"$309,237.50 "
6/24/2019,"$309,312.50 "
7/1/2019,"$314,387.50 "
7/5/2019,"$314,237.50 "
7/11/2019,"$311,487.50 "
7/12/2019,"$310,462.50 "
7/15/2019,"$312,362.50 "
7/16/2019,"$312,387.50 "
7/18/2019,"$313,687.50 "
7/25/2019,"$316,037.50 "
7/26/2019,"$315,187.50 "
7/29/2019,"$314,037.50 "
7/30/2019,"$315,012.50 "
7/31/2019,"$308,512.50 "
8/1/2019,"$306,287.50 "
8/7/2019,"$294,187.50 "
8/13/2019,"$287,737.50 "
8/14/2019,"$279,537.50 "
8/15/2019,"$281,037.50 "
8/16/2019,"$285,525.00 "
8/20/2019,"$291,675.00 "
8/21/2019,"$290,400.00 "
8/22/2019,"$289,650.00 "
8/23/2019,"$291,150.00 "
8/26/2019,"$292,825.00 "
8/27/2019,"$292,625.00 "
8/28/2019,"$291,775.00 "
8/29/2019,"$295,525.00 "
8/30/2019,"$298,725.00 "
9/3/2019,"$299,750.00 "
9/5/2019,"$303,500.00 "
9/6/2019,"$308,675.00 "
9/10/2019,"$309,725.00 "
9/12/2019,"$313,275.00 "
9/13/2019,"$312,500.00 "
9/17/2019,"$312,300.00 "
9/18/2019,"$311,400.00 "
9/20/2019,"$307,050.00 "
9/23/2019,"$307,200.00 "
9/24/2019,"$307,450.00 "
9/25/2019,"$310,812.50 "
9/26/2019,"$309,312.50 "
9/27/2019,"$308,287.50 "
9/30/2019,"$302,512.50 "
10/1/2019,"$297,812.50 "
10/2/2019,"$299,462.50 "
10/4/2019,"$306,400.00 "
10/7/2019,"$310,050.00 "
10/8/2019,"$311,625.00 "
10/10/2019,"$316,537.50 "
10/14/2019,"$322,187.50 "
10/15/2019,"$320,687.50 "
10/16/2019,"$319,987.50 "
10/17/2019,"$318,687.50 "
10/18/2019,"$317,537.50 "
10/21/2019,"$317,162.50 "
10/22/2019,"$318,212.50 "
10/23/2019,"$319,062.50 "
10/29/2019,"$321,862.50 "
10/30/2019,"$321,562.50 "
11/5/2019,"$324,062.50 "
11/6/2019,"$323,862.50 "
11/8/2019,"$324,512.50 "
11/11/2019,"$322,512.50 "
11/12/2019,"$321,062.50 "
11/13/2019,"$318,212.50 "
11/14/2019,"$317,437.50 "
11/18/2019,"$321,787.50 "
11/19/2019,"$321,362.50 "
11/20/2019,"$321,687.50 "
11/21/2019,"$321,212.50 "
11/26/2019,"$328,362.50 "
12/3/2019,"$331,100.00 "
12/5/2019,"$334,025.00 "
12/6/2019,"$331,175.00 "
12/11/2019,"$331,300.00 "
12/13/2019,"$337,050.00 "
12/16/2019,"$334,925.00 "
12/18/2019,"$334,625.00 "
12/23/2019,"$335,175.00 "
12/24/2019,"$335,450.00 "
12/26/2019,"$335,800.00 "
12/30/2019,"$336,400.00 "
1/2/2020,"$341,550.00 "
1/6/2020,"$340,375.00 "
1/7/2020,"$339,425.00 "
1/8/2020,"$338,275.00 "
1/10/2020,"$342,125.00 "
1/13/2020,"$346,475.00 "
1/14/2020,"$346,825.00 "
1/15/2020,"$345,800.00 "
1/16/2020,"$342,725.00 "
1/22/2020,"$341,575.00 "
1/23/2020,"$337,925.00 "
1/30/2020,"$333,525.00 "
2/4/2020,"$336,600.00 "
2/6/2020,"$345,075.00 "
2/10/2020,"$345,525.00 "
2/13/2020,"$349,225.00 "
2/14/2020,"$348,300.00 "
2/21/2020,"$338,750.00 "
2/24/2020,"$344,275.00 "
2/25/2020,"$349,800.00 "
2/27/2020,"$325,600.00 "
2/28/2020,"$332,162.50 "
3/2/2020,"$335,912.50 "
3/4/2020,"$335,362.50 "
3/5/2020,"$336,862.50 "
3/10/2020,"$341,412.50 "
3/11/2020,"$343,637.50 "
3/13/2020,"$349,450.00 "
3/16/2020,"$335,550.00 "
3/17/2020,"$342,350.00 "
3/18/2020,"$344,450.00 "
3/19/2020,"$348,387.50 "
3/23/2020,"$351,512.50 "
3/24/2020,"$357,800.00 "
3/27/2020,"$353,475.00 "
3/31/2020,"$350,700.00 "
4/3/2020,"$344,350.00 "
4/6/2020,"$350,137.50 "
4/7/2020,"$359,062.50 "
4/13/2020,"$357,637.50 "
4/15/2020,"$344,637.50 "
4/16/2020,"$345,162.50 "
4/20/2020,"$344,262.50 "
4/21/2020,"$351,000.00 "
4/23/2020,"$354,750.00 "
4/24/2020,"$353,975.00 "
4/28/2020,"$359,525.00 "
5/1/2020,"$364,400.00 "
5/6/2020,"$365,062.50 "
5/7/2020,"$362,512.50 "
5/8/2020,"$366,262.50 "
5/11/2020,"$368,137.50 "
5/12/2020,"$366,762.50 "
5/18/2020,"$375,937.50 "
5/19/2020,"$386,712.50 "
5/20/2020,"$387,487.50 "
5/21/2020,"$386,987.50 "
5/22/2020,"$386,537.50 "
5/27/2020,"$379,887.50 "
5/29/2020,"$381,387.50 "
6/3/2020,"$387,587.50 "
6/4/2020,"$394,687.50 "
6/9/2020,"$393,062.50 "
6/10/2020,"$392,537.50 "
6/15/2020,"$386,887.50 "
6/18/2020,"$388,137.50 "
6/19/2020,"$381,337.50 "
6/22/2020,"$380,912.50 "
6/24/2020,"$370,362.50 "
6/26/2020,"$375,225.00 "
6/29/2020,"$376,175.00 "
6/30/2020,"$380,425.00 "
7/2/2020,"$375,800.00 "
7/8/2020,"$375,700.00 "
7/9/2020,"$377,200.00 "
7/13/2020,"$383,325.00 "
7/14/2020,"$381,875.00 "
7/17/2020,"$380,500.00 "
7/22/2020,"$379,050.00 "
7/23/2020,"$378,400.00 "
7/30/2020,"$373,300.00 "
7/31/2020,"$369,300.00 "
8/6/2020,"$374,250.00 "
8/7/2020,"$371,500.00 "
8/11/2020,"$367,000.00 "
8/14/2020,"$363,550.00 "
8/19/2020,"$362,675.00 "
8/20/2020,"$357,275.00 "
8/21/2020,"$354,575.00 "
8/25/2020,"$357,475.00 "
8/31/2020,"$357,125.00 "
9/1/2020,"$356,750.00 "
9/2/2020,"$360,525.00 "
9/3/2020,"$364,300.00 "
9/10/2020,"$371,700.00 "
9/11/2020,"$371,750.00 "
9/14/2020,"$356,775.00 "
9/15/2020,"$359,675.00 "
9/16/2020,"$358,725.00 "
9/17/2020,"$357,975.00 "
9/23/2020,"$355,825.00 "
9/24/2020,"$359,737.50 "
9/25/2020,"$363,487.50 "
9/29/2020,"$372,337.50 "
9/30/2020,"$370,237.50 "
10/2/2020,"$363,237.50 "
10/6/2020,"$365,887.50 "
10/7/2020,"$365,287.50 "
10/8/2020,"$369,037.50 "
10/9/2020,"$374,612.50 "
10/12/2020,"$369,437.50 "
10/19/2020,"$364,237.50 "
10/20/2020,"$366,512.50 "
10/21/2020,"$370,162.50 "
10/22/2020,"$369,887.50 "
10/26/2020,"$368,637.50 "
10/29/2020,"$375,612.50 "
10/30/2020,"$375,462.50 "
11/3/2020,"$379,212.50 "
11/4/2020,"$390,987.50 "
11/5/2020,"$390,712.50 "
11/6/2020,"$385,462.50 "
11/9/2020,"$374,662.50 "
11/10/2020,"$362,362.50 "
11/12/2020,"$363,862.50 "
11/13/2020,"$363,400.00 "
11/16/2020,"$368,150.00 "
11/17/2020,"$370,575.00 "
11/18/2020,"$367,825.00 "
11/19/2020,"$370,912.50 "
11/24/2020,"$374,662.50 "
11/25/2020,"$379,762.50 "
12/2/2020,"$377,537.50 "
12/8/2020,"$378,487.50 "
12/9/2020,"$372,987.50 "
12/10/2020,"$374,487.50 "
12/14/2020,"$372,825.00 "
12/15/2020,"$372,475.00 "
12/16/2020,"$378,175.00 "
12/17/2020,"$376,750.00 "
12/18/2020,"$374,450.00 "
12/21/2020,"$376,512.50 "
12/24/2020,"$379,262.50 "
12/30/2020,"$378,812.50 "
12/31/2020,"$377,312.50 "
1/4/2021,"$377,237.50 "
1/6/2021,"$382,975.00 "
1/8/2021,"$384,075.00 "
1/15/2021,"$381,775.00 "
1/19/2021,"$378,575.00 "
1/20/2021,"$382,325.00 "
1/21/2021,"$387,400.00 "
1/22/2021,"$388,550.00 "
1/26/2021,"$384,325.00 "
1/27/2021,"$386,700.00 "
1/28/2021,"$390,037.50 "
1/29/2021,"$380,687.50 "
2/1/2021,"$379,062.50 "
2/2/2021,"$384,037.50 "
2/3/2021,"$392,437.50 "
2/4/2021,"$390,112.50 "
2/5/2021,"$393,862.50 "
2/9/2021,"$399,262.50 "
2/16/2021,"$396,387.50 "
2/17/2021,"$397,887.50 "
2/22/2021,"$390,350.00 "
2/23/2021,"$385,850.00 "
2/25/2021,"$387,900.00 "
3/1/2021,"$394,812.50 "
3/2/2021,"$396,112.50 "
3/3/2021,"$397,612.50 "
3/8/2021,"$402,275.00 "
3/12/2021,"$403,625.00 "
3/18/2021,"$405,125.00 "
3/19/2021,"$407,850.00 "
3/23/2021,"$411,400.00 "
3/24/2021,"$413,587.50 "
3/25/2021,"$403,512.50 "
3/26/2021,"$407,262.50 "
3/29/2021,"$413,537.50 "
3/30/2021,"$412,662.50 "
3/31/2021,"$416,412.50 "
4/5/2021,"$428,787.50 "
4/6/2021,"$428,537.50 "
4/9/2021,"$428,787.50 "
4/16/2021,"$429,962.50 "
4/22/2021,"$436,512.50 "
4/23/2021,"$435,412.50 "
4/26/2021,"$442,462.50 "
4/28/2021,"$441,737.50 "
4/29/2021,"$439,987.50 "
5/4/2021,"$431,287.50 "
5/6/2021,"$423,062.50 "
5/10/2021,"$418,237.50 "
5/11/2021,"$423,237.50 "
5/14/2021,"$426,987.50 "
5/17/2021,"$430,062.50 "
5/18/2021,"$428,512.50 "
5/24/2021,"$432,262.50 "
5/25/2021,"$437,012.50 "
5/26/2021,"$438,487.50 "
5/28/2021,"$440,037.50 "
6/1/2021,"$438,812.50 "
6/2/2021,"$439,862.50 "
6/3/2021,"$441,362.50 "
6/9/2021,"$442,925.00 "
6/10/2021,"$441,425.00 "
6/14/2021,"$441,125.00 "
6/16/2021,"$440,775.00 "
6/22/2021,"$442,025.00 "
6/28/2021,"$439,325.00 "
7/2/2021,"$443,200.00 "
7/6/2021,"$446,350.00 "
7/8/2021,"$436,350.00 "
7/9/2021,"$432,200.00 "
7/12/2021,"$435,800.00 "
7/14/2021,"$435,600.00 "
7/16/2021,"$434,650.00 "
7/19/2021,"$438,162.50 "
7/20/2021,"$440,600.00 "
7/21/2021,"$444,350.00 "
7/22/2021,"$448,475.00 "
7/23/2021,"$446,225.00 "
7/27/2021,"$445,175.00 "
7/30/2021,"$448,262.50 "
8/2/2021,"$446,762.50 "
8/3/2021,"$441,987.50 "
8/4/2021,"$440,137.50 "
8/5/2021,"$439,312.50 "
8/9/2021,"$440,712.50 "
8/10/2021,"$439,562.50 "
8/12/2021,"$439,912.50 "
8/13/2021,"$438,187.50 "
8/19/2021,"$430,437.50 "
8/20/2021,"$428,087.50 "
8/23/2021,"$431,837.50 "
8/25/2021,"$438,937.50 "
8/26/2021,"$440,437.50 "
8/27/2021,"$441,187.50 "
8/30/2021,"$444,237.50 "
8/31/2021,"$445,062.50 "
9/3/2021,"$445,162.50 "
9/10/2021,"$431,687.50 "
9/13/2021,"$430,012.50 "
9/15/2021,"$430,812.50 "
9/16/2021,"$431,062.50 "
9/22/2021,"$432,312.50 "
9/27/2021,"$434,112.50 "
9/28/2021,"$422,762.50 "
9/30/2021,"$420,650.00 "
10/1/2021,"$421,650.00 "
10/4/2021,"$427,750.00 "
10/5/2021,"$424,350.00 "
10/6/2021,"$412,650.00 "
10/8/2021,"$401,475.00 "
10/11/2021,"$400,250.00 "
10/12/2021,"$395,862.50 "
10/13/2021,"$393,012.50 "
10/14/2021,"$394,962.50 "
10/15/2021,"$405,687.50 "
10/19/2021,"$402,187.50 "
10/21/2021,"$402,687.50 "
10/26/2021,"$405,137.50 "
10/28/2021,"$406,087.50 "
10/29/2021,"$405,237.50 "
11/1/2021,"$405,137.50 "
11/2/2021,"$410,187.50 "
11/3/2021,"$410,387.50 "
11/4/2021,"$419,037.50 "
11/8/2021,"$416,737.50 "
11/9/2021,"$418,237.50 "
11/15/2021,"$423,062.50 "
11/16/2021,"$424,762.50 "
11/17/2021,"$426,312.50 "
11/22/2021,"$423,137.50 "
11/24/2021,"$421,162.50 "
11/26/2021,"$407,212.50 "
11/30/2021,"$401,775.00 "
12/1/2021,"$401,850.00 "
12/3/2021,"$384,050.00 "
12/7/2021,"$391,575.00 "
12/8/2021,"$402,375.00 "
12/10/2021,"$402,125.00 "
12/15/2021,"$406,850.00 "
12/16/2021,"$410,450.00 "
12/17/2021,"$406,575.00 "
12/20/2021,"$410,187.50 "
12/21/2021,"$411,712.50 "
12/22/2021,"$421,412.50 "
12/29/2021,"$417,337.50 "
12/31/2021,"$412,287.50 "
1/3/2022,"$410,137.50 "
1/4/2022,"$405,862.50 "
1/7/2022,"$400,662.50 "
1/10/2022,"$404,075.00 "
1/12/2022,"$410,775.00 "
1/14/2022,"$417,312.50 "
1/20/2022,"$408,512.50 "
1/21/2022,"$410,012.50 "
1/26/2022,"$414,812.50 "
1/28/2022,"$411,737.50 "
1/31/2022,"$415,487.50 "
2/1/2022,"$423,312.50 "
2/3/2022,"$424,912.50 "
2/9/2022,"$432,237.50 "
2/10/2022,"$434,837.50 "
2/11/2022,"$438,512.50 "
2/16/2022,"$432,912.50 "
2/17/2022,"$431,312.50 "
2/18/2022,"$432,537.50 "
2/23/2022,"$419,637.50 "
2/24/2022,"$425,975.00 "
2/25/2022,"$431,737.50 "
2/28/2022,"$435,512.50 "
3/2/2022,"$441,250.00 "
3/3/2022,"$446,475.00 "
3/4/2022,"$448,512.50 "
3/8/2022,"$456,225.00 "
3/10/2022,"$456,450.00 "
3/16/2022,"$463,175.00 "
3/18/2022,"$463,575.00 "
3/23/2022,"$458,525.00 "
3/24/2022,"$459,075.00 "
3/25/2022,"$463,000.00 "
3/28/2022,"$460,200.00 "
3/30/2022,"$464,650.00 "
4/4/2022,"$470,362.50 "
4/11/2022,"$457,162.50 "
4/12/2022,"$453,787.50 "
4/14/2022,"$442,187.50 "
4/18/2022,"$444,312.50 "
4/20/2022,"$448,062.50 "
4/21/2022,"$450,712.50 "
4/25/2022,"$463,975.00 "
4/26/2022,"$465,475.00 "
4/27/2022,"$466,575.00 "
4/29/2022,"$475,050.00 "
5/4/2022,"$475,737.50 "
5/5/2022,"$470,487.50 "
5/10/2022,"$475,162.50 "
5/12/2022,"$471,112.50 "
5/13/2022,"$474,862.50 "
5/17/2022,"$471,662.50 "
5/18/2022,"$473,162.50 "
5/19/2022,"$479,112.50 "
5/20/2022,"$466,562.50 "
5/24/2022,"$459,025.00 "
5/26/2022,"$458,075.00 "
5/31/2022,"$472,850.00 "
6/3/2022,"$471,800.00 "
6/6/2022,"$467,900.00 "
6/7/2022,"$460,400.00 "
6/8/2022,"$461,900.00 "
6/9/2022,"$463,275.00 "
6/15/2022,"$467,025.00 "
6/17/2022,"$464,475.00 "
6/23/2022,"$467,400.00 "
6/24/2022,"$473,650.00 "
6/27/2022,"$486,675.00 "
6/28/2022,"$483,900.00 "
7/1/2022,"$487,650.00 "
7/5/2022,"$488,625.00 "
7/8/2022,"$481,550.00 "
7/11/2022,"$483,050.00 "
7/13/2022,"$470,075.00 "
7/18/2022,"$470,475.00 "
7/21/2022,"$473,825.00 "
7/26/2022,"$468,612.50 "
7/27/2022,"$465,812.50 "
7/28/2022,"$472,637.50 "
8/2/2022,"$474,137.50 "
8/4/2022,"$475,200.00 "
8/5/2022,"$477,075.00 "
8/9/2022,"$466,800.00 "
8/10/2022,"$459,850.00 "
8/11/2022,"$463,975.00 "
8/12/2022,"$461,350.00 "
8/15/2022,"$459,100.00 "
8/19/2022,"$451,350.00 "
8/22/2022,"$454,450.00 "
8/25/2022,"$462,350.00 "
8/26/2022,"$465,650.00 "
8/29/2022,"$470,637.50 "
9/1/2022,"$458,037.50 "
9/2/2022,"$440,637.50 "
9/7/2022,"$440,562.50 "
9/8/2022,"$446,762.50 "
9/13/2022,"$448,262.50 "
9/14/2022,"$451,225.00 "
9/15/2022,"$448,075.00 "
9/19/2022,"$451,825.00 "
9/20/2022,"$452,400.00 "
9/21/2022,"$445,962.50 "
9/23/2022,"$447,725.00 "
9/26/2022,"$445,425.00 "
9/27/2022,"$440,275.00 "
9/30/2022,"$439,800.00 "
10/3/2022,"$443,550.00 "
10/5/2022,"$454,900.00 "
10/10/2022,"$454,437.50 "
10/11/2022,"$453,487.50 "
10/13/2022,"$435,487.50 "
10/14/2022,"$434,362.50 "
10/17/2022,"$428,112.50 "
10/18/2022,"$437,787.50 "
10/19/2022,"$442,412.50 "
10/24/2022,"$447,475.00 "
10/28/2022,"$445,825.00 "
10/31/2022,"$438,825.00 "
11/1/2022,"$436,175.00 "
11/2/2022,"$430,775.00 "
11/7/2022,"$422,100.00 "
11/9/2022,"$423,600.00 "
11/10/2022,"$418,950.00 "
11/11/2022,"$427,125.00 "
11/15/2022,"$422,600.00 "
11/16/2022,"$414,700.00 "
11/17/2022,"$417,750.00 "
11/21/2022,"$415,812.50 "
11/22/2022,"$413,687.50 "
11/23/2022,"$417,437.50 "
11/25/2022,"$418,912.50 "
11/28/2022,"$420,412.50 "
11/29/2022,"$422,275.00 "
11/30/2022,"$424,475.00 "
12/1/2022,"$426,925.00 "
12/2/2022,"$424,825.00 "
12/9/2022,"$425,925.00 "
12/12/2022,"$428,412.50 "
12/13/2022,"$443,412.50 "
12/14/2022,"$449,462.50 "
12/20/2022,"$450,037.50 "
12/21/2022,"$453,787.50 "
12/22/2022,"$455,162.50 "
12/27/2022,"$454,800.00 "
12/28/2022,"$453,875.00 "
12/30/2022,"$448,375.00 "
1/4/2023,"$450,025.00 "
1/6/2023,"$450,925.00 "
1/9/2023,"$458,800.00 "
1/10/2023,"$457,100.00 "
1/12/2023,"$460,850.00 "
1/13/2023,"$452,500.00 "
1/18/2023,"$444,775.00 "
1/19/2023,"$449,250.00 "
1/20/2023,"$453,000.00 "
1/24/2023,"$459,025.00 "
1/25/2023,"$460,775.00 "
1/27/2023,"$465,837.50 "
1/30/2023,"$468,912.50 "
1/31/2023,"$470,287.50 "
2/1/2023,"$476,587.50 "
2/2/2023,"$475,712.50 "
2/6/2023,"$479,437.50 "
2/7/2023,"$485,025.00 "
2/8/2023,"$486,000.00 "
2/9/2023,"$484,650.00 "
2/10/2023,"$472,925.00 "
2/13/2023,"$476,675.00 "
2/14/2023,"$479,325.00 "
2/15/2023,"$477,150.00 "
2/16/2023,"$473,425.00 "
2/23/2023,"$467,975.00 "
2/27/2023,"$461,975.00 "
